,0
"
너머 (The Other Side)
","

백예린 (Yerin Baek)


백예린 (Yerin Baek)
 "
"
사랑인가 봐
","
멜로망스(MeloMance)
"
"
INVU
","
태연 (TAEYEON)
"
"
손을 잡는다거나, 같이 걷는다거나
","
적재
"
"
RUN2U
","
STAYC(스테이씨)
"
"
듣고 싶을까
","
MSG워너비(M.O.M)
"
"
꽃말
","
카더가든
"
"
SMILEY (Feat. BIBI)
","
YENA (최예나)
"
"
어제처럼
","
폴킴(Paul Kim)
"
"
abcdefu
","
GAYLE
"
"
ESPER
","
권은비
"
"
Stronger (What Doesn't Kill You)
","
Kelly Clarkson(켈리 클락슨)
"
"
O.O
","
NMIXX
"
"
존재만으로
","
원슈타인
"
"
Step Back
","
GOT the beat
"
"
ELEVEN
","
IVE (아이브)
"
"
너, 너 (N번째 연애 X 휘인 (Whee In))
","
휘인(Whee In)
"
"
그래서 그래 (Feat. 윤하)
","
에픽하이 (EPIK HIGH)
"
"
취중고백
","
김민석 (멜로망스)
"
"
사랑은 늘 도망가
","
임영웅
"
"
WA DA DA
","
Kep1er (케플러)
"
"
노래 (The Song)
","
비투비
"
"
내 생에 아름다운
","
이예준
"
"
드라마
","
아이유(IU)
"
"
Next Level
","
aespa
"
"
새벽을 믿지 말자
","

개코


개코
 "
"
Counting Stars (Feat. Beenzino)
","
BE'O (비오)
"
"
Stardust love song
","
지효 (TWICE)
"
"
Dreams Come True
","
aespa
"
"
Dynamite
","
방탄소년단
"
"
Can't Control Myself
","
태연 (TAEYEON)
"
"
아주, 천천히
","
비비(BIBI)
"
"
이젠 친구에서 연인이 되고 싶어
","
먼데이 키즈(Monday Kiz)
"
"
Permission to Dance
","
방탄소년단
"
"
언제나 사랑해
","
케이시
"
"
여름비
","
샘김(Sam Kim)
"
"
호랑수월가
","
탑현
"
"
문득
","
BE'O (비오)
"
"
다정히 내 이름을 부르면
","

경서예지


경서예지
 "
"
Weekend
","
태연 (TAEYEON)
"
"
그대 떠나가도
","
2am
"
"
신호등
","
이무진
"
"
STAY
","

The Kid LAROI


The Kid LAROI
 "
"
회전목마 (Feat. Zion.T, 원슈타인) (Prod. Slom)
","
sokodomo
"
"
strawberry moon
","
아이유(IU)
"
"
그런 밤 (Some Nights)
","
태연 (TAEYEON)
"
"
Savage
","
aespa
"
"
Starlight
","
태일 (TAEIL)
"
"
우리가 헤어져야 했던 이유
","
비비(BIBI)
"
"
서랍
","
10CM
"
"
삼성동 (Feat. Kid Wine, Milena (밀레나))
","
PATEKO (파테코)
"
"
BOP BOP!
","
VIVIZ (비비지)
"
"
DM
","
프로미스나인
"
"
눈이 오잖아(Feat.헤이즈)
","
이무진
"
"
Butter
","
방탄소년단
"
"
Light Switch
","
Charlie Puth(찰리 푸스)
"
"
라일락
","
아이유(IU)
"
"
리무진 (Feat. MINO) (Prod. GRAY)
","
BE'O (비오)
"
"
Christmas Tree
","
V
"
"
스물다섯, 스물하나
","
자우림(Jaurim)
"
"
겨울잠
","
아이유(IU)
"
"
부럽지가 않어
","
장기하
"
"
Blueming
","
아이유(IU)
"
"
대낮에 한 이별
","

선예


선예
 "
"
Celebrity
","
아이유(IU)
"
"
Off My Face
","
Justin Bieber(저스틴 비버)
"
"
SCIENTIST
","
TWICE (트와이스)
"
"
사진
","

조성민


조성민
 "
"
바라만 본다
","
MSG워너비(M.O.M)
"
"
모든 날, 모든 순간 (Every day, Every Moment)
","
폴킴(Paul Kim)
"
"
Bad Habits
","
Ed Sheeran(에드 시런)
"
"
My Universe
","

Coldplay(콜드플레이)


Coldplay(콜드플레이)
 "
"
낙하 (with 아이유)
","
AKMU(악뮤)
"
"
만남은 쉽고 이별은 어려워 (Feat. Leellamarz) (Prod. TOIL)
","
베이식(Basick)
"
"
너를 생각해
","
주시크 (Joosiq)
"
"
어른아이 (Toddler)
","
태연 (TAEYEON)
"
"
벚꽃 엔딩
","
버스커 버스커(Busker Busker)
"
"
잊을 수 있을까
","
노을
"
"
불협화음 (Feat. AKMU) (Prod. GRAY)
","
Mudd the student
"
"
[19금]
Peaches (feat. Daniel Caesar, Giveon)
","
Justin Bieber(저스틴 비버)
"
"
Tiny Riot
","
Sam Ryder
"
"
쉬어 (Feat. MINO) (Prod. GRAY)
","

MINO(송민호)


MINO(송민호)
 "
"
OHAYO MY NIGHT
","

디핵(D-Hack)


디핵(D-Hack)
 "
"
Queendom
","
Red Velvet (레드벨벳)
"
"
마음을 드려요
","
아이유(IU)
"
"
Timeless
","
태연 (TAEYEON)
"
"
아무렇지 않은 척
","
빅마마(Big Mama)
"
"
너 아니면 안돼
","
먼데이 키즈(Monday Kiz)
"
"
이별후회
","
김나영
"
"
너의 모든 순간
","
성시경
"
"
별빛 같은 나의 사랑아
","
임영웅
"
"
헤픈 우연
","
헤이즈(Heize)
"
"
Shivers
","
Ed Sheeran(에드 시런)
"
"
Hush Hush (Feat. MIYAVI) (Korean Ver.)
","
강다니엘(KANG DANIEL)
"
"
한숨
","
김기태
"
"
SO BAD
","
STAYC(스테이씨)
"
"
어떻게 이별까지 사랑하겠어, 널 사랑하는 거지
","
AKMU(악뮤)
"
"
하루만 더
","
빅마마(Big Mama)
"
"
안녕 (Hello)
","
조이 (JOY)
"
"
나랑 같이 걸을래 (바른연애 길잡이 X 적재)
","
적재
"
